{"cameraMode":{"drawMode":0,"name":"Shaded","section":"Shading Mode"},"sceneLighting":false,"audioPlay":false,"sceneViewState":{"showFog":true,"showMaterialUpdate":false,"showSkybox":true,"showFlares":true,"showImageEffects":true,"showParticleSystems":true},"in2DMode":false,"pivot":{"x":-1.2708415985107422,"y":3.9052815437316896,"z":-1.1623380184173585},"rotation":{"x":-0.13544873893260957,"y":-0.021390443667769433,"z":0.0029301594477146866,"w":-0.9905490875244141},"size":4.150966167449951,"orthographic":true}