{"cameraMode":{"drawMode":0,"name":"Shaded","section":"Shading Mode"},"sceneLighting":true,"audioPlay":false,"sceneViewState":{"showFog":true,"showMaterialUpdate":false,"showSkybox":true,"showFlares":true,"showImageEffects":true,"showParticleSystems":true},"in2DMode":false,"pivot":{"x":-1.2708415985107422,"y":3.9052815437316896,"z":-1.1623380184173585},"rotation":{"x":-0.23090483248233796,"y":0.4715287387371063,"z":-0.1294289529323578,"w":-0.8411847949028015},"size":4.150964736938477,"orthographic":true}